{
  "Precision(0)": 0.9830508474576272,
  "Recall(0)": 0.8969072164948454,
  "F1(0)": 0.9380053908355795,
  "Precision(1)": 0.6449704142011834,
  "Recall(1)": 0.923728813559322,
  "F1(1)": 0.759581881533101,
  "Accuracy": 0.9014285714285715,
  "ROC-AUC": 0.9699312714776632,
  "TN": 522,
  "FP": 60,
  "FN": 9,
  "TP": 109
}