Type,Name,Request Count,Failure Count,Median Response Time,Average Response Time,Min Response Time,Max Response Time,Average Content Size,Requests/s,Failures/s,50%,66%,75%,80%,90%,95%,98%,99%,99.9%,99.99%,100%
POST,add_to_cart,1391,0,60,61.166019122518655,10.924800008069724,436.4988000015728,0.0,2.318571061773952,0.0,60,62,64,65,68,72,80,89,370,440,440
GET,browse_catalogue,2794,0,9,9.277561095218376,2.90089996997267,68.11100000049919,2795.0,4.657144174404329,0.0,9,10,11,11,13,15,18,22,55,68,68
GET,browse_category,2659,0,5,6.195025799154847,1.4572000363841653,71.68079999973997,11518.0,4.432121102269546,0.0,5,6,7,7,9,10,14,43,55,72,72
GET,browse_home,3476,0,5,6.023890160631562,1.4208999928086996,53.39430004823953,8688.0,5.793927398077827,0.0,5,6,7,7,8,10,14,45,51,53,53
GET,checkout,588,0,5,5.931870237334954,1.5827000024728477,56.96779995923862,6368.0,0.9801004919648338,0.0,5,6,7,7,8,10,13,36,57,57,57
GET,view_cart,1138,0,5,5.937186026719018,1.6973000019788742,57.914900011383,23020.0,1.8968611562176545,0.0,5,6,7,7,8,9,12,22,53,58,58
GET,view_item,2752,0,5,6.219862101060307,1.4545000158250332,66.41319999471307,10364.0,4.587136996406842,0.0,5,6,7,7,9,10,14,45,53,66,66
,Aggregated,14798,0,6,11.878400594529586,1.4208999928086996,436.4988000015728,8588.860116231923,24.665862381114984,0.0,6,8,9,10,46,60,65,68,89,370,440
