{
  "Precision(0)": 0.9941747572815534,
  "Recall(0)": 0.8797250859106529,
  "F1(0)": 0.9334548769371012,
  "Precision(1)": 0.6216216216216216,
  "Recall(1)": 0.9745762711864406,
  "F1(1)": 0.759075907590759,
  "Accuracy": 0.8957142857142857,
  "ROC-AUC": 0.9464587337643428,
  "TN": 512,
  "FP": 70,
  "FN": 3,
  "TP": 115
}