{
  "Precision(0)": 0.9762340036563071,
  "Recall(0)": 0.9175257731958762,
  "F1(0)": 0.9459698848538529,
  "Precision(1)": 0.6862745098039216,
  "Recall(1)": 0.8898305084745762,
  "F1(1)": 0.7749077490774908,
  "Accuracy": 0.9128571428571428,
  "ROC-AUC": 0.9620973848214806,
  "TN": 534,
  "FP": 48,
  "FN": 13,
  "TP": 105
}